-- =========================================================
-- 增强演示数据 - 补充更多业务数据用于演示和测试
-- 在 data.sql 之后执行
-- =========================================================

-- =========================================================
-- 补充更多用户
-- =========================================================
INSERT INTO sys_user (id, username, password, real_name, phone, email, user_type, status) VALUES
(5, 'farmer002', '$2a$10$N.zmdr9k7uOCQb376NoUnuTJ8iAt6Z5EHsM8lE9lBOsl7iKTVKIUi', '王五', '13800138004', 'farmer002@herb.com', 1, 1),
(6, 'buyer002', '$2a$10$N.zmdr9k7uOCQb376NoUnuTJ8iAt6Z5EHsM8lE9lBOsl7iKTVKIUi', '赵六', '13800138005', 'buyer002@herb.com', 2, 1),
(7, 'user002', '$2a$10$N.zmdr9k7uOCQb376NoUnuTJ8iAt6Z5EHsM8lE9lBOsl7iKTVKIUi', '孙七', '13800138006', 'user002@herb.com', 4, 1);

INSERT INTO sys_user_role (user_id, role_id) VALUES
(5, 2),
(6, 3),
(7, 4);

-- =========================================================
-- 补充更多地块
-- =========================================================
INSERT INTO herb_field (id, user_id, field_name, field_code, location, province, city, district, area, soil_type, description, status) VALUES
(3, 2, '南山有机药材园', 'FIELD003', '安徽省亳州市谯城区', '安徽省', '亳州市', '谯城区', 40.00, '黏质壤土', '有机认证基地，适合高品质药材种植。', 1),
(4, 5, '西北黄芪基地', 'FIELD004', '甘肃省定西市岷县', '甘肃省', '定西市', '岷县', 80.00, '壤土', '海拔2200米，昼夜温差大，适合黄芪种植。', 1),
(5, 5, '云南当归种植园', 'FIELD005', '云南省昆明市嵩明县', '云南省', '昆明市', '嵩明县', 60.00, '砂质壤土', '冷凉气候，适合当归和三七种植。', 1),
(6, 5, '四川川芎基地', 'FIELD006', '四川省成都市都江堰市', '四川省', '成都市', '都江堰市', 35.00, '壤土', '传统川芎产区，土壤肥沃。', 1);

-- =========================================================
-- 补充更多作物
-- =========================================================
INSERT INTO herb_crop (id, user_id, field_id, crop_name, crop_variety, plant_date, expected_harvest_date, plant_area, expected_yield, actual_yield, growth_stage, growth_status, status) VALUES
(4, 2, 3, '当归', '岷县当归', '2024-09-10', '2025-08-10', 30.00, 9000.00, NULL, '生长期', '良好', 1),
(5, 5, 4, '黄芪', '蒙古黄芪', '2024-03-25', '2025-09-25', 60.00, 24000.00, NULL, '生长期', '良好', 1),
(6, 5, 5, '当归', '云南当归', '2024-09-15', '2025-08-15', 40.00, 12000.00, NULL, '苗期', '良好', 1),
(7, 5, 6, '川芎', '都江堰川芎', '2024-04-10', '2025-05-10', 30.00, 7500.00, NULL, '生长期', '一般', 1),
(8, 2, 1, '金银花', '山东金银花', '2024-04-05', '2024-07-15', 10.00, 2000.00, 1800.00, '采收期', '良好', 2),
(9, 5, 4, '党参', '纹党参', '2024-04-15', '2025-10-15', 20.00, 6000.00, NULL, '生长期', '良好', 1);

-- =========================================================
-- 补充更多农事记录
-- =========================================================
INSERT INTO herb_farm_record (crop_id, user_id, activity_type, activity_date, activity_detail, materials_used, weather, remark) VALUES
(3, 2, '施肥', '2024-06-15', '黄芪追施有机肥', '腐熟有机肥 300kg', '多云', '沟施，深度10cm'),
(3, 2, '浇水', '2024-07-10', '夏季灌溉补水', '清水', '晴天', '滴灌2小时'),
(3, 2, '施药', '2024-08-05', '预防叶斑病喷药', '代森锰锌 500g', '阴天', '全田喷施'),
(4, 2, '播种', '2024-09-10', '当归育苗移栽', '当归种苗 800株', '阴天', '行距25cm，株距15cm'),
(4, 2, '施肥', '2024-11-20', '当归冬季追肥', '复合肥 150kg', '晴天', '穴施'),
(5, 5, '播种', '2024-03-25', '黄芪大田直播', '黄芪种子 10kg', '晴天', '条播，行距40cm'),
(5, 5, '除草', '2024-05-15', '苗期人工除草', '无', '晴天', '结合中耕松土'),
(5, 5, '施肥', '2024-06-20', '追施复合肥', '复合肥 500kg', '多云', '沟施'),
(6, 5, '播种', '2024-09-15', '当归移栽定植', '当归种苗 1200株', '阴天', '高畦栽培'),
(7, 5, '播种', '2024-04-10', '川芎栽种', '川芎苓子 200kg', '晴天', '穴栽'),
(7, 5, '施肥', '2024-07-01', '川芎追肥', '有机肥 200kg', '多云', '结合培土'),
(8, 2, '采收', '2024-07-10', '金银花第一茬采收', '无', '晴天', '花蕾期采摘，品质最佳'),
(8, 2, '采收', '2024-07-25', '金银花第二茬采收', '无', '晴天', '产量略低于第一茬'),
(9, 5, '播种', '2024-04-15', '党参育苗移栽', '党参种苗 600株', '阴天', '株距20cm');

-- =========================================================
-- 补充更多供应信息
-- =========================================================
INSERT INTO herb_supply (
    id, user_id, crop_id, herb_name, herb_variety, quality_grade, supply_quantity, remaining_quantity,
    price, wholesale_price, wholesale_min_quantity, production_area, harvest_date, description,
    contact_name, contact_phone, status
) VALUES
(4, 5, 5, '黄芪', '蒙古黄芪', '特级', 800.00, 750.00, 38.00, 35.00, 100.00, '甘肃定西', '2025-09-25', '高海拔种植，药效成分含量高，支持批量采购。', '王五', '13800138004', 1),
(5, 5, 7, '川芎', '都江堰川芎', '一级', 350.00, 350.00, 42.00, 38.00, 30.00, '四川都江堰', '2025-05-10', '传统产区川芎，油性足，香气浓郁。', '王五', '13800138004', 1),
(6, 2, 8, '金银花', '山东金银花', '特级', 200.00, 180.00, 120.00, 110.00, 10.00, '安徽亳州', '2024-07-15', '花蕾期采摘，色泽金黄，品质上乘。', '张三', '13800138001', 1),
(7, 5, 9, '党参', '纹党参', '一级', 500.00, 500.00, 55.00, 50.00, 50.00, '甘肃定西', '2025-10-15', '纹路清晰，肉质饱满，适合饮片加工。', '王五', '13800138004', 1);

-- =========================================================
-- 补充更多采购需求
-- =========================================================
INSERT INTO herb_demand (id, user_id, herb_name, herb_variety, quality_requirement, demand_quantity, target_price, demand_date, description, contact_name, contact_phone, status) VALUES
(3, 6, '白芍', '杭白芍', '要求根条完整、无虫蛀，含芍药苷不低于2.0%。', 500.00, 36.00, '2025-12-01', '药企长期采购白芍原料，量大从优。', '赵六', '13800138005', 1),
(4, 6, '川芎', '都江堰川芎', '要求油性足、断面黄白色，挥发油含量达标。', 300.00, 40.00, '2025-12-15', '中药饮片厂采购川芎，需提供产地证明。', '赵六', '13800138005', 1),
(5, 3, '金银花', '山东金银花', '花蕾期采摘，绿原酸含量不低于1.5%。', 150.00, 115.00, '2025-08-01', '制药企业采购金银花，用于清热解毒类产品。', '李四', '13800138002', 1),
(6, 6, '党参', '纹党参', '要求无硫熏，多糖含量达标。', 600.00, 52.00, '2025-11-30', '保健品企业长期采购党参原料。', '赵六', '13800138005', 1);

-- =========================================================
-- 补充订单数据
-- =========================================================
INSERT INTO herb_order (
    id, order_no, buyer_id, seller_id, supply_id, herb_name, herb_variety,
    quantity, unit_price, total_amount, buyer_name, buyer_phone,
    seller_name, seller_phone, shipping_address, status, payment_status
) VALUES
(1, 'ORD202410010001', 3, 2, 1, '白芍', '杭白芍', 100.00, 32.00, 3200.00, '李四', '13800138002', '张三', '13800138001', '浙江省杭州市西湖区某某路88号', 4, 1),
(2, 'ORD202410020001', 4, 2, 2, '丹参', '山东丹参', 50.00, 25.00, 1250.00, '普通用户演示', '13800138003', '张三', '13800138001', '上海市浦东新区某某大道100号', 4, 1),
(3, 'ORD202410050001', 3, 2, 3, '黄芪', '蒙古黄芪', 200.00, 29.00, 5800.00, '李四', '13800138002', '张三', '13800138001', '浙江省杭州市西湖区某某路88号', 3, 1),
(4, 'ORD202410080001', 6, 5, 4, '黄芪', '蒙古黄芪', 150.00, 35.00, 5250.00, '赵六', '13800138005', '王五', '13800138004', '广东省广州市天河区某某街50号', 2, 1),
(5, 'ORD202410100001', 3, 2, 6, '金银花', '山东金银花', 20.00, 110.00, 2200.00, '李四', '13800138002', '张三', '13800138001', '浙江省杭州市西湖区某某路88号', 1, 0),
(6, 'ORD202410120001', 6, 5, 5, '川芎', '都江堰川芎', 80.00, 38.00, 3040.00, '赵六', '13800138005', '王五', '13800138004', '广东省广州市天河区某某街50号', 1, 0),
(7, 'ORD202410150001', 4, 2, 1, '白芍', '杭白芍', 30.00, 35.00, 1050.00, '普通用户演示', '13800138003', '张三', '13800138001', '上海市浦东新区某某大道100号', 5, 0);

-- =========================================================
-- 补充收藏数据
-- =========================================================
INSERT INTO herb_favorite (user_id, target_type, target_id) VALUES
(3, 1, 1),
(3, 1, 2),
(3, 1, 4),
(4, 1, 1),
(4, 1, 3),
(6, 1, 5),
(6, 1, 6),
(6, 2, 1),
(3, 2, 2);

-- =========================================================
-- 补充溯源数据
-- =========================================================
INSERT INTO herb_trace (
    id, trace_code, crop_id, user_id, herb_name, batch_no, production_area, plant_date,
    harvest_date, quality_standard, quality_report, status
) VALUES
(2, 'TRACE20241002', 2, 2, '丹参', 'BATCH-DS-20241101', '安徽亳州', '2024-04-01', '2024-11-01', '《中国药典》2020版 丹参项', NULL, 1),
(3, 'TRACE20241003', 8, 2, '金银花', 'BATCH-JYH-20240715', '安徽亳州', '2024-04-05', '2024-07-15', '《中国药典》2020版 金银花项', NULL, 2),
(4, 'TRACE20241004', 5, 5, '黄芪', 'BATCH-HQ-20250925', '甘肃定西', '2024-03-25', NULL, '《中国药典》2020版 黄芪项', NULL, 0);

-- 补充溯源节点
INSERT INTO herb_trace_node (trace_id, node_name, node_type, node_time, operator, location, description, sort_order) VALUES
(2, '丹参播种', 'planting', '2024-04-01 08:00:00', '张三', '安徽亳州', '丹参种苗移栽定植，行距30cm。', 1),
(2, '丹参施肥', 'fertilizing', '2024-06-15 09:00:00', '张三', '安徽亳州', '追施有机肥，促进根系生长。', 2),
(2, '丹参采收', 'harvesting', '2024-11-01 07:00:00', '张三', '安徽亳州', '秋末采收丹参，分级晾晒。', 3),
(3, '金银花定植', 'planting', '2024-04-05 08:00:00', '张三', '安徽亳州', '金银花扦插苗定植。', 1),
(3, '金银花施肥', 'fertilizing', '2024-05-20 09:00:00', '张三', '安徽亳州', '追施复合肥，促进花芽分化。', 2),
(3, '金银花采收', 'harvesting', '2024-07-10 06:00:00', '张三', '安徽亳州', '花蕾期采摘，保证品质。', 3),
(3, '金银花质检', 'testing', '2024-07-20 10:00:00', '质检员', '安徽亳州', '绿原酸含量检测合格。', 4);

-- =========================================================
-- 补充更多通知
-- =========================================================
INSERT INTO sys_notice (user_id, notice_type, title, content, is_read) VALUES
(2, 2, '订单已确认', '您的白芍供应订单 ORD202410010001 已被买家确认。', 1),
(2, 2, '新订单通知', '您收到一笔新的丹参采购订单 ORD202410020001。', 0),
(3, 2, '订单发货通知', '您的黄芪订单 ORD202410050001 已发货，请注意查收。', 0),
(5, 1, '欢迎加入平台', '欢迎您加入中药材种植与销售服务平台，开始管理您的种植基地。', 0),
(5, 2, '新订单通知', '您收到一笔新的黄芪采购订单 ORD202410080001。', 0),
(6, 1, '欢迎加入平台', '欢迎您加入中药材种植与销售服务平台，开始发布采购需求。', 0),
(6, 2, '订单待确认', '您的黄芪订单 ORD202410080001 等待卖家确认。', 0),
(1, 1, '系统运行报告', '平台本月新增用户3人，新增订单7笔，交易额20790元。', 0);

-- =========================================================
-- 补充每日统计数据
-- =========================================================
INSERT INTO stat_daily (stat_date, user_register_count, supply_publish_count, demand_publish_count, order_count, order_amount, pv, uv) VALUES
('2024-10-04', 2, 3, 2, 1, 5800.00, 180, 55),
('2024-10-05', 1, 4, 3, 2, 10450.00, 160, 48),
('2024-10-06', 0, 2, 1, 1, 3200.00, 140, 42),
('2024-10-07', 3, 6, 4, 3, 12500.00, 220, 68),
('2024-10-08', 1, 3, 2, 2, 8290.00, 190, 58),
('2024-10-09', 2, 5, 3, 1, 2200.00, 170, 52),
('2024-10-10', 0, 2, 1, 2, 6090.00, 155, 46),
('2024-10-11', 1, 4, 2, 1, 3040.00, 145, 44),
('2024-10-12', 2, 3, 3, 2, 4250.00, 175, 54),
('2024-10-13', 0, 1, 1, 0, 0.00, 130, 38),
('2024-10-14', 1, 5, 2, 3, 9800.00, 210, 65),
('2024-10-15', 3, 7, 4, 2, 7600.00, 240, 72);

-- =========================================================
-- 补充知识库数据
-- =========================================================
INSERT INTO herb_knowledge (
    herb_name, herb_alias, herb_category, planting_season, disease_type, keyword_tags, summary,
    planting_points, disease_prevention, rural_value, content, suitable_region
) VALUES
('丹参', '紫丹参、红根', '活血化瘀类药材', '春季', '根腐病、叶枯病', '丹参 种植,丹参 病害,丹参 采收', '丹参喜温暖湿润，适合排水良好的砂质壤土种植，是重要的活血化瘀药材。', '选择健壮种苗，春季移栽，行距30cm株距20cm，注意排水防涝。', '重点防治根腐病和叶枯病，雨季加强排水，发病初期用多菌灵灌根。', '丹参市场需求稳定，适合规模化种植，可带动产地初加工产业。', '丹参种植重在根系品质，中后期控水促进丹参酮积累。', '安徽、山东、四川、河南'),
('川芎', '芎藭、抚芎', '活血行气类药材', '秋季', '根腐病、菌核病', '川芎 栽培,川芎 病害,川芎 加工', '川芎是四川道地药材，喜温和湿润气候，适合海拔500-1000米地区种植。', '秋季用苓子繁殖，穴栽覆土3-5cm，注意合理密植和培土。', '防治根腐病和菌核病，保持田间通风，发病初期用甲基托布津喷施。', '川芎是川产道地药材代表，适合打造地理标志产品和品牌化运营。', '川芎种植周期约一年，重在苓子质量和栽培管理精细化。', '四川、重庆、云南'),
('金银花', '忍冬花、双花', '清热解毒类药材', '春季', '白粉病、蚜虫', '金银花 种植,金银花 采摘,金银花 加工', '金银花适应性强，耐旱耐寒，花蕾期采摘品质最佳，是重要的清热解毒药材。', '春季扦插或分株繁殖，株行距1.5m×2m，定植后加强修剪整形。', '白粉病用粉锈宁防治，蚜虫用吡虫啉或生物农药防治，注意采前安全间隔期。', '金银花一次种植多年收益，适合山区丘陵地带发展，带动农户增收效果显著。', '金银花管理重在修剪和采摘时机，花蕾由绿转白时采摘品质最佳。', '山东、河南、河北、湖南'),
('党参', '潞党参、纹党', '补气类药材', '春季', '根腐病、锈病', '党参 种植,党参 育苗,党参 采收', '党参喜冷凉气候，适合高海拔地区种植，是重要的补气健脾药材。', '春季育苗秋季移栽，选择土层深厚、排水良好的地块，注意遮阴保湿。', '根腐病用多菌灵防治，锈病用三唑酮喷施，注意轮作倒茬。', '党参适合高海拔贫困地区发展，是精准扶贫和乡村振兴的优势品种。', '党参生长周期2-3年，重在育苗质量和移栽后的水肥管理。', '甘肃、山西、陕西、四川');

-- 补充病虫害案例
INSERT INTO herb_disease_case (
    herb_name, disease_name, disease_type, symptom_keywords, symptom_description, prevention_plan,
    image_url, season, severity_level, feature_tag
) VALUES
('丹参', '丹参根腐病', '土传病害', '根部腐烂、植株萎蔫、黄叶', '根系变褐腐烂，地上部叶片发黄萎蔫，严重时整株死亡。', '拔除病株，病穴撒石灰消毒，加强排水，用多菌灵或恶霉灵灌根。', '/api/static/knowledge/disease/danshen_root_rot.png', '雨季', '重度', '褐色腐根'),
('川芎', '川芎菌核病', '真菌性病害', '茎基白色菌丝、软腐、倒伏', '茎基部出现白色棉絮状菌丝，后期形成黑色菌核，植株软腐倒伏。', '清除病株，撒施石灰，用井冈霉素灌根，加强田间通风。', '/api/static/knowledge/disease/chuanxiong_sclerotinia.png', '春季', '重度', '白色菌丝菌核'),
('金银花', '金银花白粉病', '真菌性病害', '白色粉层、叶片卷曲、早落', '叶面覆盖白色粉状物，叶片卷曲变形，严重时提早落叶。', '加强修剪通风，发病初期用粉锈宁或三唑酮喷施，7天一次。', '/api/static/knowledge/disease/jinyinhua_powdery_mildew.png', '春夏季', '中度', '白色粉层'),
('党参', '党参锈病', '真菌性病害', '橙黄色疱斑、叶背锈粉、早衰', '叶背出现橙黄色粉状疱斑，叶片提早枯黄，影响根部生长。', '清除病叶，增施钾肥，发病初期用三唑酮或粉锈宁喷施。', '/api/static/knowledge/disease/dangshen_rust.png', '夏秋季', '中度', '橙黄锈斑');

-- 补充种植日历
INSERT INTO herb_calendar_stage (
    herb_name, stage_name, action_type, day_offset, duration_days, reminder_days, operation_window, stage_tips, sort_order
) VALUES
('丹参', '春季移栽', '播种', 0, 10, 5, '3月中下旬', '选择健壮种苗，移栽深度适中，浇足定根水。', 1),
('丹参', '苗期管理', '施肥', 30, 7, 3, '移栽后30天', '查苗补苗，追施稀薄有机肥，中耕除草。', 2),
('丹参', '花期管理', '除草', 60, 5, 2, '开花前', '及时摘除花蕾，减少养分消耗，促进根系生长。', 3),
('丹参', '病害防治', '病害巡检', 90, 10, 3, '雨季', '重点防治根腐病，加强排水，发现病株及时处理。', 4),
('丹参', '秋季采收', '采收', 200, 15, 7, '11月上旬', '霜降后采收，分级晾晒，注意保持根条完整。', 5),
('川芎', '秋季栽种', '播种', 0, 7, 3, '8-9月', '选择健壮苓子，穴栽覆土3-5cm。', 1),
('川芎', '冬季管理', '施肥', 60, 5, 3, '入冬前', '追施有机肥，培土保温防冻。', 2),
('川芎', '春季管理', '除草', 150, 7, 2, '返青后', '中耕除草，追施返青肥。', 3),
('川芎', '病害防控', '病害巡检', 180, 10, 3, '春季多雨期', '防治菌核病和根腐病，加强田间卫生。', 4),
('川芎', '夏季采收', '采收', 270, 15, 7, '5月下旬', '茎叶枯黄时采收，及时干燥加工。', 5),
('金银花', '春季定植', '播种', 0, 10, 5, '3月', '扦插或分株定植，株行距1.5m×2m。', 1),
('金银花', '追肥促花', '施肥', 40, 5, 3, '4月', '追施磷钾肥，促进花芽分化。', 2),
('金银花', '修剪整形', '除草', 50, 5, 2, '花前', '疏除过密枝条，改善通风透光。', 3),
('金银花', '病虫防治', '病害巡检', 60, 10, 3, '花前', '防治白粉病和蚜虫，注意安全间隔期。', 4),
('金银花', '分批采摘', '采收', 90, 30, 5, '6-7月', '花蕾由绿转白时采摘，分批进行。', 5),
('党参', '春季育苗', '播种', 0, 15, 5, '3-4月', '苗床育苗，保持湿润，适当遮阴。', 1),
('党参', '秋季移栽', '播种', 180, 10, 5, '9-10月', '选择壮苗移栽，注意根系保护。', 2),
('党参', '追肥管理', '施肥', 210, 5, 3, '移栽后30天', '追施复合肥，促进根系生长。', 3),
('党参', '病害巡查', '病害巡检', 270, 10, 3, '雨季', '防治根腐病和锈病，加强排水。', 4),
('党参', '秋季采收', '采收', 540, 20, 10, '第2-3年秋季', '根系充分膨大后采收，注意分级。', 5);

SELECT '增强数据导入完成' AS '';
SELECT CONCAT('订单总数: ', COUNT(*)) FROM herb_order;
SELECT CONCAT('供应总数: ', COUNT(*)) FROM herb_supply;
SELECT CONCAT('需求总数: ', COUNT(*)) FROM herb_demand;
SELECT CONCAT('作物总数: ', COUNT(*)) FROM herb_crop;
SELECT CONCAT('知识条目: ', COUNT(*)) FROM herb_knowledge;
